Player,Matches,innings_bat,Runs,Balls_played,Outs,SR,Avg,Centuries,Fifties,Fours,Sixes,innings_bowl,Wickets_taken,Total_balls,Total_runs_given,Economy,Bowling_avg,Bowling_SR
RA Jadeja,366,169,2692,2187,108,123.09,24.93,0,2,193,99,197,161,3610,4546,7.56,28.24,22.42
KA Pollard,275,168,3437,2447,129,140.46,26.64,0,16,221,224,107,81,1586,2200,8.32,27.16,19.58
R Ashwin,275,81,714,622,53,114.79,13.47,0,1,56,24,194,189,4333,4966,6.88,26.28,22.93
RG Sharma,269,237,6213,4890,219,127.06,28.37,1,42,554,258,32,16,349,462,7.94,28.88,21.81
SK Raina,269,200,5536,4177,168,132.54,32.95,1,39,506,204,69,30,930,1139,7.35,37.97,31
DJ Bravo,268,110,1560,1247,69,125.1,22.61,0,5,120,66,158,207,3296,4436,8.08,21.43,15.92
PP Chawla,260,80,609,565,53,107.79,11.49,0,0,55,19,180,188,3680,4867,7.94,25.89,19.57
V Kohli,255,229,7273,5739,205,126.73,35.48,7,51,646,235,26,5,264,371,8.43,74.2,52.8
SP Narine,253,92,1046,692,71,151.16,14.73,0,4,114,64,161,182,3812,4296,6.76,23.6,20.95
Harbhajan Singh,248,88,833,636,56,130.97,14.88,0,1,79,42,160,161,3496,4101,7.04,25.47,21.71
SR Watson,246,141,3880,2892,126,134.16,30.79,4,21,377,190,105,107,2137,2742,7.7,25.63,19.97
YK Pathan,235,153,3222,2334,111,138.05,29.03,1,14,263,161,82,46,1184,1443,7.31,31.37,25.74
AR Patel,234,100,1418,1135,69,124.93,20.55,0,1,88,69,134,120,2887,3484,7.24,29.03,24.06
S Dhawan,222,216,6617,5358,189,123.5,35.01,2,50,750,149,6,4,49,72,8.82,18,12.25
B Kumar,220,60,283,308,31,91.88,9.13,0,0,27,3,160,184,3703,4496,7.28,24.43,20.12
KD Karthik,220,220,4517,3492,180,129.35,25.09,0,20,439,139,0,0,0,0,0,0,0
MS Dhoni,217,217,5082,3865,146,131.49,34.81,0,24,349,239,0,0,0,0,0,0,0
A Mishra,216,55,381,440,31,86.59,12.29,0,0,31,5,161,182,3432,4173,7.3,22.93,18.86
KH Pandya,201,96,1514,1175,69,128.85,21.94,0,1,136,56,105,74,1978,2386,7.24,32.24,26.73
Yuvraj Singh,199,126,2754,2207,109,124.78,25.27,0,13,218,149,73,39,882,1091,7.42,27.97,22.62
RV Uthappa,197,197,4954,3927,184,126.15,26.92,0,27,481,182,0,0,0,0,0,0,0
HH Pandya,196,115,2318,1660,77,139.64,30.1,0,10,172,126,81,57,1259,1807,8.61,31.7,22.09
AD Russell,193,95,2266,1374,78,164.92,29.05,0,10,151,193,98,106,1583,2387,9.05,22.52,14.93
GJ Maxwell,192,119,2720,1796,102,151.45,26.67,0,18,227,158,73,34,867,1182,8.18,34.76,25.5
UT Yadav,186,46,196,196,20,100,9.8,0,0,16,8,140,154,3061,4231,8.29,27.47,19.88
AT Rayudu,185,185,4348,3490,152,124.58,28.61,1,22,359,173,0,0,0,0,0,0,0
JH Kallis,184,95,2427,2291,89,105.94,27.27,0,17,255,44,89,74,1799,2348,7.83,31.73,24.31
IK Pathan,183,82,1150,985,53,116.75,21.7,0,1,88,38,101,99,2113,2711,7.7,27.38,21.34
CH Gayle,179,141,4997,3516,128,142.12,39.04,6,32,408,359,38,19,584,755,7.76,39.74,30.74
DA Warner,177,176,6399,4719,156,135.6,41.02,4,61,646,226,1,0,2,2,6,0,0
P Kumar,176,57,340,323,34,105.26,10,0,0,22,17,119,102,2637,3342,7.6,32.76,25.85
AB de Villiers,170,170,5181,3487,125,148.58,41.45,3,41,414,253,0,0,0,0,0,0,0
YS Chahal,161,17,37,89,6,41.57,6.17,0,0,0,0,144,194,3266,4133,7.59,21.3,16.84
AM Rahane,160,159,4400,3658,143,120.28,30.77,2,30,455,96,1,1,6,5,5,5,6
Rashid Khan,159,50,443,280,32,158.21,13.84,0,1,28,35,109,147,2639,2968,6.75,20.19,17.95
MK Pandey,157,157,3817,3255,132,117.27,28.92,1,22,333,109,0,0,0,0,0,0,0
JA Morkel,154,67,975,712,40,136.94,24.38,0,3,61,55,87,96,1807,2409,8,25.09,18.82
G Gambhir,151,151,4217,3524,135,119.67,31.24,0,36,492,59,0,0,0,0,0,0,0
SV Samson,147,147,3888,2903,131,133.93,29.68,3,20,304,182,0,0,0,0,0,0,0
R Vinay Kumar,146,42,310,289,26,107.27,11.92,0,0,21,9,104,127,2186,3041,8.35,23.94,17.21
JJ Bumrah,142,22,56,68,8,82.35,7,0,0,4,1,120,161,2857,3499,7.35,21.73,17.75
SL Malinga,142,20,88,103,12,85.44,7.33,0,0,6,5,122,188,2974,3486,7.03,18.54,15.82
Sandeep Sharma,141,25,54,73,5,73.97,10.8,0,0,4,0,116,138,2689,3444,7.68,24.96,19.49
R Bhatia,138,47,342,290,29,117.93,11.79,0,0,24,13,91,82,1661,2059,7.44,25.11,20.26
PA Patel,136,136,2848,2442,127,116.63,22.43,0,13,365,49,0,0,0,0,0,0,0
DR Smith,134,88,2385,1803,81,132.28,29.44,0,17,245,117,46,27,557,825,8.89,30.56,20.63
WP Saha,134,134,2798,2248,112,124.47,24.98,1,13,278,84,0,0,0,0,0,0,0
Mohammed Shami,133,23,74,82,13,90.24,5.69,0,0,6,2,110,144,2521,3486,8.3,24.21,17.51
CH Morris,130,49,618,413,29,149.64,21.31,0,2,41,35,81,107,1801,2377,7.92,22.21,16.83
MP Stoinis,129,74,1478,1094,55,135.1,26.87,0,7,111,75,55,40,744,1173,9.46,29.32,18.6
STR Binny,129,66,880,700,44,125.71,20,0,0,66,35,63,28,611,763,7.49,27.25,21.82
DW Steyn,128,33,167,163,22,102.45,7.59,0,0,14,3,95,105,2282,2583,6.79,24.6,21.73
MM Sharma,126,26,122,121,14,100.83,8.71,0,0,9,4,100,131,2063,2850,8.29,21.76,15.75
Z Khan,126,27,117,141,15,82.98,7.8,0,0,11,2,99,119,2276,2860,7.54,24.03,19.13
SA Yadav,125,124,3249,2313,102,140.47,31.85,1,21,349,112,1,0,6,8,8,0,0
F du Plessis,124,123,4133,3159,110,130.83,37.57,0,33,375,145,1,0,6,16,16,0,0
JP Duminy,124,75,2029,1680,49,120.77,41.41,0,14,126,79,49,23,701,847,7.25,36.83,30.48
N Rana,123,99,2594,1980,92,131.01,28.2,0,18,229,131,24,10,185,253,8.21,25.3,18.5
HV Patel,122,33,236,195,23,121.03,10.26,0,0,15,14,89,121,1967,2730,8.33,22.56,16.26
Shakib Al Hasan,122,52,795,665,40,119.55,19.88,0,2,73,21,70,71,1515,1864,7.38,26.25,21.34
I Sharma,120,19,56,63,7,88.89,8,0,0,4,2,101,84,2247,2989,7.98,35.58,26.75
V Sehwag,119,104,2728,1833,98,148.83,27.84,2,16,334,106,15,6,138,236,10.26,39.33,23
DJ Hooda,118,87,1321,1063,69,124.27,19.14,0,7,80,58,31,10,365,513,8.43,51.3,36.5
MA Agarwal,117,117,2605,2022,112,128.83,23.26,1,13,257,97,0,0,0,0,0,0,0
JD Unadkat,115,22,173,143,12,120.98,14.42,0,0,14,6,93,100,1994,2898,8.72,28.98,19.94
SN Thakur,115,32,286,210,22,136.19,13,0,1,25,12,83,95,1782,2593,8.73,27.29,18.76
DA Miller,114,114,2714,2022,77,134.22,35.25,1,12,187,126,0,0,0,0,0,0,0
MC Henriques,114,54,1000,801,38,124.84,26.32,0,5,87,28,60,46,979,1302,7.98,28.3,21.28
DS Kulkarni,112,20,104,113,9,92.04,11.56,0,0,7,2,92,91,1876,2513,8.04,27.62,20.62
RP Singh,110,28,52,78,15,66.67,3.47,0,0,2,1,82,100,1874,2417,7.74,24.17,18.74
BB McCullum,109,109,2882,2272,106,126.85,27.19,2,13,293,130,0,0,0,0,0,0,0
KV Sharma,109,36,320,290,23,110.34,13.91,0,0,18,14,73,75,1371,1874,8.2,24.99,18.28
M Vijay,109,105,2619,2208,97,118.61,27,2,13,247,91,4,0,37,49,7.95,0,0
PP Ojha,109,19,16,45,10,35.56,1.6,0,0,0,0,90,99,1945,2399,7.4,24.23,19.65
KL Rahul,108,108,4169,3180,92,131.1,45.32,4,33,355,168,0,0,0,0,0,0,0
R Tewatia,108,56,825,649,35,127.12,23.57,0,1,60,42,52,36,866,1117,7.74,31.03,24.06
TA Boult,106,18,69,66,6,104.55,11.5,0,0,3,3,88,112,2095,2838,8.13,25.34,18.71
A Nehra,105,17,41,63,8,65.08,5.12,0,0,3,1,88,121,1974,2537,7.71,20.97,16.31
JP Faulkner,105,45,527,406,28,129.8,18.82,0,0,36,23,60,76,1287,1849,8.62,24.33,16.93
SS Iyer,101,100,2780,2295,93,121.13,29.89,0,19,238,99,1,0,6,7,7,0,0
MM Ali,100,52,1034,744,44,138.98,23.5,0,5,88,59,48,38,721,829,6.9,21.82,18.97
Mandeep Singh,99,97,1706,1418,85,120.31,20.07,0,6,176,38,2,0,12,26,13,0,0
Kuldeep Yadav,98,27,136,180,8,75.56,17,0,0,10,2,71,74,1519,2037,8.05,27.53,20.53
Mohammed Siraj,98,19,97,113,9,85.84,10.78,0,0,10,2,79,81,1731,2387,8.27,29.47,21.37
RR Pant,97,97,2851,2000,85,142.55,33.54,1,15,262,129,0,0,0,0,0,0,0
Q de Kock,96,96,2910,2216,90,131.32,32.33,2,20,287,114,0,0,0,0,0,0,0
AJ Finch,95,90,2092,1696,84,123.35,24.9,0,15,214,78,5,1,44,67,9.14,67,44
JC Buttler,95,95,3224,2253,86,143.1,37.49,5,19,320,149,0,0,0,0,0,0,0
K Rabada,94,25,186,190,15,97.89,12.4,0,0,16,6,69,115,1645,2266,8.27,19.7,14.3
NV Ojha,94,94,1554,1360,74,114.26,21,0,6,121,79,0,0,0,0,0,0,0
SPD Smith,94,93,2495,1999,78,124.81,31.99,1,11,226,60,1,0,2,5,15,0,0
Washington Sundar,93,37,378,340,26,111.18,14.54,0,0,32,9,56,38,1034,1262,7.32,33.21,27.21
AB Dinda,91,16,26,50,9,52,2.89,0,0,2,0,75,82,1589,2103,7.94,25.65,19.38
DT Christian,90,41,460,408,28,112.75,16.43,0,0,23,19,49,40,922,1218,7.93,30.45,23.05
M Morkel,90,20,126,93,11,135.48,11.45,0,0,11,5,70,88,1699,2136,7.54,24.27,19.31
S Nadeem,90,20,39,88,16,44.32,2.44,0,0,2,0,70,54,1444,1800,7.48,33.33,26.74
MK Tiwary,89,83,1695,1489,61,113.83,27.79,0,7,156,40,6,1,45,83,11.07,83,45
SK Trivedi,89,14,42,61,8,68.85,5.25,0,0,3,1,75,73,1557,1944,7.49,26.63,21.33
RA Tripathi,88,87,2071,1529,76,135.45,27.25,0,11,205,78,1,0,6,12,12,0,0
RD Chahar,88,20,108,112,15,96.43,7.2,0,0,10,4,68,66,1508,1885,7.5,28.56,22.85
DJ Hussey,87,61,1322,1101,49,120.07,26.98,0,5,90,60,26,10,323,485,9.01,48.5,32.3
Shubman Gill,87,87,2790,2137,75,130.56,37.2,3,18,273,80,0,0,0,0,0,0,0
L Balaji,86,13,36,50,7,72,5.14,0,0,2,1,73,85,1574,2083,7.94,24.51,18.52
AD Mathews,85,41,724,599,31,120.87,23.35,0,1,44,29,44,28,807,1095,8.14,39.11,28.82
DL Chahar,85,12,80,61,7,131.15,11.43,0,0,2,6,73,74,1600,2041,7.65,27.58,21.62
Ishan Kishan,85,85,2324,1769,77,131.37,30.18,0,15,220,103,0,0,0,0,0,0,0
BJ Hodge,83,63,1400,1153,46,121.42,30.43,0,6,122,43,20,18,238,310,7.82,17.22,13.22
MG Johnson,82,28,167,168,14,99.4,11.93,0,0,10,7,54,66,1301,1740,8.02,26.36,19.71
R Dravid,82,82,2174,1918,77,113.35,28.23,0,11,269,28,0,0,0,0,0,0,0
SR Tendulkar,82,78,2333,2043,71,114.19,32.86,1,13,296,29,4,0,37,59,9.57,0,0
AC Gilchrist,81,80,2069,1555,76,133.05,27.22,2,11,239,92,1,1,1,0,0,0,1
BA Stokes,81,43,935,718,41,130.22,22.8,2,2,81,32,38,31,723,1023,8.49,33,23.32
KM Jadhav,81,81,1208,1012,54,119.37,22.37,0,4,102,40,0,0,0,0,0,0,0
SK Warne,81,27,198,219,19,90.41,10.42,0,0,14,6,54,60,1223,1465,7.19,24.42,20.38
SM Curran,81,36,613,443,25,138.37,24.52,0,3,50,31,45,46,980,1502,9.2,32.65,21.3
DPMD Jayawardene,78,78,1808,1522,64,118.79,28.25,1,10,200,40,0,0,0,0,0,0,0
P Negi,77,35,365,301,26,121.26,14.04,0,0,27,16,42,38,733,954,7.81,25.11,19.29
KS Williamson,76,74,2105,1707,57,123.32,36.93,0,18,183,64,2,0,18,31,10.33,0,0
MJ McClenaghan,76,20,85,73,11,116.44,7.73,0,0,5,7,56,75,1346,1839,8.2,24.52,17.95
SC Ganguly,76,56,1349,1326,54,101.73,24.98,0,7,137,42,20,12,280,370,7.93,30.83,23.33
M Muralitharan,75,9,20,30,6,66.67,3.33,0,0,1,0,66,67,1581,1765,6.7,26.34,23.6
MM Patel,75,12,39,41,5,95.12,7.8,0,0,5,0,63,82,1382,1733,7.52,21.13,16.85
TM Dilshan,75,50,1153,1047,41,110.12,28.12,0,9,140,24,25,5,275,368,8.03,73.6,55
EJG Morgan,74,74,1406,1181,61,119.05,23.05,0,5,112,64,0,0,0,0,0,0,0
JO Holder,73,27,259,217,21,119.35,12.33,0,0,13,18,46,59,1049,1489,8.52,25.24,17.78
SS Tiwary,73,73,1494,1291,50,115.72,29.88,0,8,111,50,0,0,0,0,0,0,0
TG Southee,73,19,120,108,11,111.11,10.91,0,0,8,4,54,57,1262,1774,8.43,31.12,22.14
V Shankar,73,51,1032,815,38,126.63,27.16,0,6,73,43,22,12,258,344,8,28.67,21.5
Y Venugopal Rao,72,52,985,865,42,113.87,23.45,0,3,77,37,20,7,222,338,9.14,48.29,31.71
PJ Cummins,71,29,379,260,22,145.77,17.23,0,3,24,26,42,48,995,1405,8.47,29.27,20.73
PP Shaw,71,71,1694,1196,69,141.64,24.55,0,13,208,56,0,0,0,0,0,0,0
S Gopal,70,22,180,173,13,104.05,13.85,0,0,19,2,48,50,958,1291,8.09,25.82,19.16
AM Nayar,69,50,672,588,39,114.29,17.23,0,0,55,20,19,9,239,323,8.11,35.89,26.56
M Kartik,69,14,113,109,7,103.67,16.14,0,0,7,1,55,39,1182,1418,7.2,36.36,30.31
SE Marsh,69,69,2489,1913,65,130.11,38.29,1,20,269,78,0,0,0,0,0,0,0
KC Sangakkara,68,68,1687,1424,69,118.47,24.45,0,10,195,27,0,0,0,0,0,0,0
KK Nair,68,68,1496,1192,65,125.5,23.02,0,10,161,39,0,0,0,0,0,0,0
Abhishek Sharma,67,45,893,677,40,131.91,22.32,0,4,92,31,22,9,236,345,8.77,38.33,26.22
Imran Tahir,67,8,33,37,4,89.19,8.25,0,0,5,0,59,86,1340,1729,7.74,20.1,15.58
A Symonds,66,36,974,781,26,124.71,37.46,1,5,74,41,30,23,540,694,7.71,30.17,23.48
CV Varun,66,10,25,49,2,51.02,12.5,0,0,2,0,56,64,1315,1631,7.44,25.48,20.55
NLTC Perera,66,30,424,326,24,130.06,17.67,0,0,23,26,36,37,715,1031,8.65,27.86,19.32
S Badrinath,65,65,1441,1245,48,115.74,30.02,0,11,154,28,0,0,0,0,0,0,0
S Kaul,64,9,20,36,3,55.56,6.67,0,0,1,0,55,63,1238,1772,8.59,28.13,19.65
JC Archer,63,23,199,132,13,150.76,15.31,0,0,11,14,40,49,987,1210,7.36,24.69,20.14
MR Marsh,63,32,604,491,28,123.01,21.57,0,3,39,35,31,36,539,700,7.79,19.44,14.97
R Parag,63,44,600,502,35,119.52,17.14,0,2,44,27,19,5,162,280,10.37,56,32.4
R Sharma,63,19,66,77,11,85.71,6,0,0,5,3,44,42,935,1100,7.06,26.19,22.26
J Botha,62,28,409,364,22,112.36,18.59,0,1,39,5,34,27,709,818,6.92,30.3,26.26
Ravi Bishnoi,62,11,28,46,5,60.87,5.6,0,0,2,0,51,58,1190,1477,7.45,25.47,20.52
SB Jakati,62,5,28,30,2,93.33,14,0,0,3,0,57,50,1101,1474,8.03,29.48,22.02
VR Aaron,62,12,50,73,4,68.49,12.5,0,0,2,2,50,46,1065,1527,8.6,33.2,23.15
Arshdeep Singh,61,10,25,38,4,65.79,6.25,0,0,3,0,51,64,1127,1583,8.43,24.73,17.61
Iqbal Abdulla,61,13,88,86,1,102.33,88,0,0,9,1,48,45,943,1125,7.16,25,20.96
K Gowtham,61,27,247,159,18,155.35,13.72,0,0,15,17,34,22,586,795,8.14,36.14,26.64
AB Agarkar,60,18,179,160,8,111.87,22.38,0,0,13,5,42,33,820,1174,8.59,35.58,24.85
LR Shukla,60,33,405,358,29,113.13,13.97,0,0,33,16,27,17,326,458,8.43,26.94,19.18
S Dube,60,47,1106,818,39,135.21,28.36,0,6,58,73,13,5,111,176,9.51,35.2,22.2
MS Gony,59,15,99,76,9,130.26,11,0,0,6,8,44,39,925,1317,8.54,33.77,23.72
M Prasidh Krishna,58,7,9,24,2,37.5,4.5,0,0,0,0,51,54,1231,1741,8.49,32.24,22.8
MEK Hussey,58,58,1977,1648,52,119.96,38.02,1,15,198,52,0,0,0,0,0,0,0
N Pooran,58,58,1270,847,48,149.94,26.46,0,6,78,91,0,0,0,0,0,0,0
RJ Harris,58,21,117,112,12,104.46,9.75,0,0,6,3,37,47,865,1085,7.53,23.09,18.4
A Kumble,57,15,35,49,2,71.43,17.5,0,0,3,0,42,49,983,1089,6.65,22.22,20.06
B Lee,57,19,124,102,10,121.57,12.4,0,0,8,8,38,30,916,1126,7.38,37.53,30.53
D Padikkal,57,57,1521,1263,56,120.43,27.16,1,9,167,42,0,0,0,0,0,0,0
R Dhawan,57,22,210,188,10,111.7,21,0,0,18,7,35,27,674,883,7.86,32.7,24.96
LRPL Taylor,56,54,1017,847,41,120.07,24.8,0,3,66,46,2,0,13,24,11.08,0,0
M Ashwin,56,12,35,50,8,70,4.38,0,0,2,1,44,35,898,1182,7.9,33.77,25.66
PJ Sangwan,56,14,26,47,8,55.32,3.25,0,0,1,0,42,44,904,1266,8.4,28.77,20.55
S Sreesanth,56,12,34,57,3,59.65,11.33,0,0,6,0,44,43,947,1221,7.74,28.4,22.02
SO Hetmyer,56,56,1130,782,35,144.5,32.29,0,4,67,75,0,0,0,0,0,0,0
Avesh Khan,54,7,31,20,1,155,31,0,0,2,3,47,59,1044,1477,8.49,25.03,17.69
Mustafizur Rahman,54,6,13,23,1,56.52,13,0,0,0,1,48,56,1128,1468,7.81,26.21,20.14
NM Coulter-Nile,54,16,82,75,10,109.33,8.2,0,0,7,4,38,52,892,1125,7.57,21.63,17.15
Shahbaz Ahmed,52,25,321,294,19,109.18,16.89,0,0,21,12,27,14,383,573,8.98,40.93,27.36
A Nortje,51,11,45,42,3,107.14,15,0,0,6,0,40,55,957,1316,8.25,23.93,17.4
CJ Anderson,51,29,538,436,22,123.39,24.45,0,3,40,31,22,14,315,525,10,37.5,22.5
CL White,51,45,971,774,35,125.45,27.74,0,6,76,38,6,1,46,86,11.22,86,46
M Vohra,51,51,1083,863,48,125.49,22.56,0,3,104,43,0,0,0,0,0,0,0
RD Gaikwad,51,51,1797,1356,45,132.52,39.93,1,14,159,73,0,0,0,0,0,0,0
ST Jayasuriya,51,30,768,573,29,134.03,26.48,1,4,84,39,21,16,301,396,7.89,24.75,18.81
DL Vettori,50,16,121,118,7,102.54,17.29,0,0,11,2,34,34,785,894,6.83,26.29,23.09
LS Livingstone,50,32,828,527,29,157.12,28.55,0,6,58,59,18,8,192,309,9.66,38.62,24
TL Suman,50,39,676,587,30,115.16,22.53,0,2,55,26,11,7,152,198,7.82,28.29,21.71
KP Pietersen,49,36,1001,758,29,132.06,34.52,1,4,91,40,13,9,180,218,7.27,24.22,20
T Natarajan,49,2,3,5,0,60,0,0,0,0,0,47,56,1069,1532,8.6,27.36,19.09
KK Ahmed,48,5,1,7,5,14.29,0.2,0,0,0,0,43,61,1021,1425,8.37,23.36,16.74
S Aravind,48,10,59,59,3,100,19.67,0,0,7,0,38,48,788,1057,8.05,22.02,16.42
CJ Jordan,46,12,81,81,9,100,9,0,0,3,3,34,36,717,1111,9.3,30.86,19.92
WD Parnell,46,13,65,86,10,75.58,6.5,0,0,4,1,33,40,758,968,7.66,24.2,18.95
Bipul Sharma,45,17,187,124,6,150.81,31.17,0,0,11,9,28,22,436,581,8,26.41,19.82
JD Ryder,45,29,604,466,29,129.61,20.83,0,4,69,19,16,11,241,314,7.82,28.55,21.91
Azhar Mahmood,44,21,388,311,19,124.76,20.42,0,2,39,13,23,31,552,707,7.68,22.81,17.81
LH Ferguson,44,6,67,47,3,142.55,22.33,0,0,6,2,38,47,855,1191,8.36,25.34,18.19
VR Iyer,44,36,956,762,34,125.46,28.12,1,7,86,42,8,3,78,117,9,39,26
A Ashish Reddy,43,23,280,196,15,142.86,18.67,0,0,16,15,20,19,270,400,8.89,21.05,14.21
AJ Tye,43,13,91,79,8,115.19,11.38,0,0,6,5,30,48,714,1005,8.45,20.94,14.88
AK Markram,43,31,775,600,24,129.17,32.29,0,4,55,31,12,2,110,158,8.62,79,55
Harpreet Brar,43,17,158,142,10,111.27,15.8,0,0,11,7,26,18,462,598,7.77,33.22,25.67
Shivam Mavi,43,11,51,58,9,87.93,5.67,0,0,4,2,32,33,687,958,8.37,29.03,20.82
CA Lynn,42,42,1329,974,39,136.45,34.08,0,10,132,66,0,0,0,0,0,0,0
M Manhas,41,38,514,486,24,105.76,21.42,0,0,43,10,3,0,42,42,6,0,0
C de Grandhomme,40,21,303,229,15,132.31,20.2,0,0,18,18,19,7,230,323,8.43,46.14,32.86
M Markande,40,10,48,44,3,109.09,16,0,0,5,1,30,29,595,822,8.29,28.34,20.52
PWH de Silva,40,14,72,80,11,90,6.55,0,0,7,1,26,36,557,758,8.17,21.06,15.47
DJG Sammy,39,20,295,251,15,117.53,19.67,0,1,15,18,19,14,244,354,8.7,25.29,17.43
JM Bairstow,39,39,1291,935,38,138.07,33.97,1,9,133,55,0,0,0,0,0,0,0
JR Hopes,39,19,417,314,17,132.8,24.53,0,4,49,11,20,14,369,562,9.14,40.14,26.36
MS Bisla,39,39,798,737,37,108.28,21.57,0,4,93,23,0,0,0,0,0,0,0
NA Saini,39,7,33,38,4,86.84,8.25,0,0,3,0,32,26,697,1003,8.63,38.58,26.81
PV Tambe,39,6,18,39,1,46.15,18,0,0,1,0,33,28,674,866,7.71,30.93,24.07
Gurkeerat Singh,38,32,511,436,27,117.2,18.93,0,2,55,11,6,5,82,97,7.1,19.4,16.4
P Awana,38,5,5,14,3,35.71,1.67,0,0,0,0,33,43,774,1046,8.11,24.33,18
R Sathish,38,24,270,236,16,114.41,16.88,0,0,22,6,14,6,144,233,9.71,38.83,24
YBK Jaiswal,38,37,1172,807,35,145.23,33.49,1,8,145,48,1,0,1,6,36,0,0
KK Cooper,37,12,116,70,9,165.71,12.89,0,0,9,8,25,36,600,789,7.89,21.92,16.67
MA Starc,37,11,96,98,6,97.96,16,0,0,10,0,26,39,612,725,7.11,18.59,15.69
SN Khan,37,36,585,456,29,128.29,20.17,0,1,63,14,1,0,2,6,18,0,0
AS Rajpoot,36,7,26,41,4,63.41,6.5,0,0,2,1,29,24,567,844,8.93,35.17,23.62
GJ Bailey,36,36,663,552,29,120.11,22.86,0,2,59,19,0,0,0,0,0,0,0
HH Gibbs,36,36,886,837,32,105.85,27.69,0,6,83,31,0,0,0,0,0,0,0
Lalit Yadav,36,19,295,289,13,102.08,22.69,0,0,26,7,17,11,276,373,8.11,33.91,25.09
RE van der Merwe,36,15,159,144,12,110.42,13.25,0,0,11,8,21,25,455,515,6.79,20.6,18.2
RS Bopara,36,22,531,468,19,113.46,27.95,0,3,39,16,14,13,213,301,8.48,23.15,16.38
AL Menaria,35,23,401,367,22,109.26,18.23,0,0,24,18,12,3,113,144,7.65,48,37.67
MK Lomror,35,25,402,315,21,127.62,19.14,0,1,24,21,10,2,85,109,7.69,54.5,42.5
RR Powar,35,9,67,64,3,104.69,22.33,0,0,6,1,26,15,443,538,7.29,35.87,29.53
BCJ Cutting,34,17,238,146,11,163.01,21.64,0,0,15,19,17,12,288,430,8.96,35.83,24
MF Maharoof,34,14,177,124,10,142.74,17.7,0,0,12,9,20,33,441,532,7.24,16.12,13.36
CR Woakes,33,12,78,77,5,101.3,15.6,0,0,7,2,21,31,463,674,8.73,21.74,14.94
JR Hazlewood,33,6,19,29,0,65.52,0,0,0,1,0,27,36,622,830,8.01,23.06,17.28
PC Valthaty,33,23,505,432,22,116.9,22.95,1,2,61,20,10,7,153,207,8.12,29.57,21.86
Abdul Samad,32,27,397,295,22,134.58,18.05,0,0,22,25,5,2,55,113,12.33,56.5,27.5
Basil Thampi,32,7,32,37,2,86.49,16,0,0,1,1,25,26,539,862,9.6,33.15,20.73
C Green,32,16,452,287,10,157.49,45.2,1,2,40,22,16,8,239,370,9.29,46.25,29.88
ML Hayden,32,32,1107,839,28,131.94,39.54,0,8,121,44,0,0,0,0,0,0,0
Ankit Sharma,31,10,87,69,7,126.09,12.43,0,0,7,4,21,12,375,453,7.25,37.75,31.25
BB Sran,31,7,10,14,1,71.43,10,0,0,0,0,24,20,516,767,8.92,38.35,25.8
DE Bollinger,31,4,21,23,1,91.3,21,0,0,1,1,27,43,600,716,7.16,16.65,13.95
DP Nannes,31,2,4,13,1,30.77,4,0,0,0,0,29,38,689,815,7.1,21.45,18.13
Harmeet Singh,31,4,18,12,2,150,9,0,0,3,0,27,30,549,713,7.79,23.77,18.3
JEC Franklin,31,16,327,309,11,105.83,29.73,0,1,25,9,15,9,155,225,8.71,25,17.22
Mohammad Nabi,31,14,186,126,13,147.62,14.31,0,0,16,10,17,13,345,417,7.25,32.08,26.54
R McLaren,31,13,159,178,8,89.33,19.88,0,1,14,1,18,14,372,558,9,39.86,26.57
RN ten Doeschate,31,21,326,238,17,136.97,19.18,0,1,26,15,10,3,83,94,6.8,31.33,27.67
Anureet Singh,30,8,36,47,4,76.6,9,0,0,2,1,22,21,430,636,8.87,30.29,20.48
CR Brathwaite,30,14,181,120,14,150.83,12.93,0,0,10,16,16,16,266,384,8.66,24,16.62
J Suchith,30,9,70,62,4,112.9,17.5,0,0,6,3,21,20,434,604,8.35,30.2,21.7
LMP Simmons,30,29,1079,878,27,122.89,39.96,1,11,109,44,1,1,18,34,11.33,34,18
M Shahrukh Khan,30,30,426,336,20,126.79,21.3,0,0,26,28,0,0,0,0,0,0,0
Umran Malik,30,5,23,16,1,143.75,23,0,0,1,2,25,31,512,770,9.02,24.84,16.52
DR Sams,29,13,44,48,10,91.67,4.4,0,0,1,3,16,15,389,528,8.14,35.2,25.93
GC Smith,29,29,739,691,30,106.95,24.63,0,4,94,9,0,0,0,0,0,0,0
GH Vihari,29,23,284,331,20,85.8,14.2,0,0,23,1,6,1,43,48,6.7,48,43
RK Singh,29,29,725,537,20,135.01,36.25,0,4,54,38,0,0,0,0,0,0,0
A Singh,28,5,2,10,4,20,0.5,0,0,0,0,23,31,486,639,7.89,20.61,15.68
M Jansen,28,10,48,56,7,85.71,6.86,0,0,4,1,18,20,418,598,8.58,29.9,20.9
Tilak Varma,28,25,740,539,18,137.29,41.11,0,3,55,39,3,0,19,20,6.32,0,0
Y Nagar,28,20,285,271,15,105.17,19,0,0,20,9,8,4,72,125,10.42,31.25,18
AP Tare,27,27,339,285,24,118.95,14.12,0,1,40,11,0,0,0,0,0,0,0
DB Ravi Teja,27,25,375,325,20,115.38,18.75,0,1,35,9,2,1,18,28,9.33,28,18
SW Billings,27,27,503,399,26,126.07,19.35,0,3,40,20,0,0,0,0,0,0,0
A Badoni,26,23,399,325,18,122.77,22.17,0,2,24,19,3,2,13,12,5.54,6,6.5
C Sakariya,26,7,20,31,5,64.52,4,0,0,3,0,19,20,460,610,7.96,30.5,23
D Wiese,26,11,148,105,6,140.95,24.67,0,0,12,7,15,17,307,447,8.74,26.29,18.06
E Lewis,26,26,654,499,24,131.06,27.25,0,4,62,36,0,0,0,0,0,0,0
SW Tait,26,5,23,26,3,88.46,7.67,0,0,1,1,21,26,534,668,7.51,25.69,20.54
TU Deshpande,26,3,21,13,1,161.54,21,0,0,2,1,23,28,521,840,9.67,30,18.61
A Zampa,25,5,15,25,5,60,3,0,0,1,0,20,30,425,562,7.93,18.73,14.17
AA Jhunjhunwala,25,15,217,218,14,99.54,15.5,0,1,19,5,10,1,88,130,8.86,130,88
GB Hogg,25,4,22,22,2,100,11,0,0,1,0,21,25,466,585,7.53,23.4,18.64
IC Pandey,25,1,0,2,1,0,0,0,0,0,0,24,19,469,609,7.79,32.05,24.68
JDP Oram,25,11,106,110,8,96.36,13.25,0,0,6,5,14,13,244,362,8.9,27.85,18.77
Kartik Tyagi,25,6,13,16,4,81.25,3.25,0,0,1,0,19,16,432,668,9.28,41.75,27
MN Samuels,25,14,161,174,12,92.53,13.42,0,0,9,7,11,10,219,285,7.81,28.5,21.9
Mujeeb Ur Rahman,25,6,12,15,3,80,4,0,0,2,0,19,20,452,598,7.94,29.9,22.6
AD Mascarenhas,24,11,79,79,10,100,7.9,0,0,5,1,13,19,310,365,7.06,19.21,16.32
AS Joseph,24,5,27,32,1,84.38,27,0,0,3,0,19,21,390,584,8.98,27.81,18.57
B Akhil,24,11,76,57,7,133.33,10.86,0,0,5,5,13,7,193,246,7.65,35.14,27.57
J Yadav,24,4,40,38,2,105.26,20,0,0,2,1,20,9,398,447,6.74,49.67,44.22
JM Sharma,24,24,543,354,21,153.39,25.86,0,0,44,33,0,0,0,0,0,0,0
M Theekshana,24,2,7,7,1,100,7,0,0,0,1,22,23,510,668,7.86,29.04,22.17
TH David,24,24,418,249,15,167.87,27.87,0,0,24,31,0,0,0,0,0,0,0
WPUJC Vaas,24,11,81,73,7,110.96,11.57,0,0,2,3,13,22,288,364,7.58,16.55,13.09
AN Ahmed,23,6,36,27,1,133.33,36,0,0,4,1,17,15,362,515,8.54,34.33,24.13
JDS Neesham,23,10,92,93,8,98.92,11.5,0,0,6,2,13,8,222,342,9.24,42.75,27.75
MJ Santner,23,8,56,59,3,94.92,18.67,0,0,3,3,15,13,316,364,6.91,28,24.31
MV Boucher,23,23,394,318,15,123.9,26.27,0,1,32,13,0,0,0,0,0,0,0
TK Curran,23,10,127,108,5,117.59,25.4,0,1,10,3,13,13,252,432,10.29,33.23,19.38
A Mithun,22,6,34,26,5,130.77,6.8,0,0,4,1,16,8,312,477,9.17,59.62,39
B Chipli,22,21,280,256,16,109.38,17.5,0,1,28,7,1,0,6,20,20,0,0
CA Pujara,22,22,390,403,18,96.77,21.67,0,1,50,4,0,0,0,0,0,0,0
DB Das,22,22,304,267,12,113.86,25.33,0,0,23,16,0,0,0,0,0,0,0
DP Conway,22,22,924,669,20,138.12,46.2,0,9,100,30,0,0,0,0,0,0,0
K Goel,22,16,218,239,14,91.21,15.57,0,0,17,9,6,0,67,94,8.42,0,0
M Kaif,22,22,259,258,16,100.39,16.19,0,0,22,6,0,0,0,0,0,0,0
OA Shah,22,22,506,405,13,124.94,38.92,0,4,34,23,0,0,0,0,0,0,0
Pankaj Singh,22,5,7,12,2,58.33,3.5,0,0,0,0,17,11,311,472,9.11,42.91,28.27
VY Mahesh,22,5,15,28,2,53.57,7.5,0,0,0,0,17,22,359,511,8.54,23.23,16.32
AS Raut,21,16,194,172,11,112.79,17.64,0,0,13,7,5,0,30,45,9,0,0
JJ Roy,21,21,614,460,19,133.48,32.32,0,4,75,21,0,0,0,0,0,0,0
SB Styris,21,10,131,134,7,97.76,18.71,0,0,10,3,11,9,222,278,7.51,30.89,24.67
SM Pollock,21,8,147,116,8,126.72,18.38,0,0,12,8,13,13,280,307,6.58,23.62,21.54
SP Goswami,21,21,293,307,20,95.44,14.65,0,1,32,3,0,0,0,0,0,0,0
Joginder Sharma,20,5,36,30,4,120,9,0,0,1,2,15,13,272,421,9.29,32.38,20.92
NT Ellis,20,5,19,26,4,73.08,4.75,0,0,0,1,15,18,341,490,8.62,27.22,18.94
P Simran Singh,20,20,422,312,21,135.26,20.1,1,1,44,21,0,0,0,0,0,0,0
RP Meredith,20,2,0,3,1,0,0,0,0,0,0,18,21,415,621,8.98,29.57,19.76
S Sohal,20,20,368,311,18,118.33,20.44,0,2,34,18,0,0,0,0,0,0,0
UBT Chand,20,20,300,314,20,95.54,15,0,1,32,9,0,0,0,0,0,0,0
VRV Singh,20,2,4,3,1,133.33,4,0,0,1,0,18,16,371,549,8.88,34.31,23.19
VVS Laxman,20,20,282,271,16,104.06,17.62,0,1,33,5,0,0,0,0,0,0,0
AB McDonald,19,9,123,103,5,119.42,24.6,0,0,9,4,10,14,188,263,8.39,18.79,13.43
AC Thomas,19,4,20,19,2,105.26,10,0,0,1,1,15,16,327,416,7.63,26,20.44
JP Behrendorff,19,2,6,9,0,66.67,0,0,0,0,0,17,22,379,563,8.91,25.59,17.23
KR Mayers,19,13,379,276,13,137.32,29.15,0,4,38,22,6,0,46,59,7.7,0,0
KW Richardson,19,4,36,39,3,92.31,12,0,0,2,1,15,21,345,479,8.33,22.81,16.43
PK Garg,19,19,273,247,19,110.53,14.37,0,1,16,9,0,0,0,0,0,0,0
PVD Chameera,19,7,43,32,3,134.38,14.33,0,0,3,3,12,11,278,393,8.48,35.73,25.27
R Rampaul,19,7,51,52,5,98.08,10.2,0,0,3,2,12,17,278,319,6.88,18.76,16.35
SA Asnodkar,19,19,423,352,19,120.17,22.26,0,2,56,10,0,0,0,0,0,0,0
Shahid Afridi,19,9,81,46,8,176.09,10.12,0,0,7,6,10,9,185,237,7.69,26.33,20.56
HR Shokeen,18,5,66,67,3,98.51,22,0,0,9,0,13,5,213,320,9.01,64,42.6
KL Nagarkoti,18,7,22,34,4,64.71,5.5,0,0,1,0,11,5,185,287,9.31,57.4,37
RV Gomez,18,9,50,53,7,94.34,7.14,0,0,5,1,9,6,97,130,8.04,21.67,16.17
SJ Srivastava,18,4,5,5,1,100,5,0,0,0,0,14,15,306,444,8.71,29.6,20.4
BA Bhatt,17,2,6,7,0,85.71,0,0,0,0,1,15,13,303,408,8.08,31.38,23.31
DH Yagnik,17,17,170,142,9,119.72,18.89,0,0,23,2,0,0,0,0,0,0,0
H Klaasen,17,17,514,320,14,160.62,36.71,1,2,37,26,0,0,0,0,0,0,0
MD Mishra,17,17,237,213,15,111.27,15.8,0,0,24,8,0,0,0,0,0,0,0
Mohsin Khan (2),17,4,23,26,2,88.46,11.5,0,0,2,1,13,17,270,313,6.96,18.41,15.88
R Powell,17,15,257,183,14,140.44,18.36,0,1,11,22,2,1,21,35,10,35,21
S Badree,17,5,13,25,5,52,2.6,0,0,0,0,12,11,263,329,7.51,29.91,23.91
AA Chavan,16,3,12,11,1,109.09,12,0,0,2,0,13,8,255,339,7.98,42.38,31.88
AF Milne,16,6,23,31,5,74.19,4.6,0,0,0,1,10,9,217,339,9.37,37.67,24.11
Anuj Rawat,16,16,220,196,11,112.24,20,0,1,16,11,0,0,0,0,0,0,0
DJ Willey,16,5,53,64,3,82.81,17.67,0,0,7,0,11,7,221,277,7.52,39.57,31.57
GD McGrath,16,2,4,5,1,80,4,0,0,1,0,14,14,329,366,6.67,26.14,23.5
HM Amla,16,16,577,418,13,138.04,44.38,2,3,60,21,0,0,0,0,0,0,0
J Syed Mohammad,16,5,29,27,2,107.41,14.5,0,0,4,0,11,10,196,286,8.76,28.6,19.6
KA Jamieson,16,7,65,55,3,118.18,21.67,0,0,5,3,9,9,179,271,9.08,30.11,19.89
KC Cariappa,16,5,24,21,3,114.29,8,0,0,0,2,11,8,224,349,9.35,43.62,28
KP Appanna,16,3,2,4,1,50,2,0,0,0,0,13,11,222,291,7.86,26.45,20.18
LA Pomersbach,16,16,302,251,11,120.32,27.45,0,1,25,13,0,0,0,0,0,0,0
Noor Ahmad,16,3,8,9,2,88.89,4,0,0,1,0,13,16,299,375,7.53,23.44,18.69
SB Bangar,16,7,49,58,6,84.48,8.17,0,0,1,3,9,6,153,221,8.67,36.83,25.5
Sohail Tanvir,16,5,36,31,3,116.13,12,0,0,3,1,11,24,265,275,6.23,11.46,11.04
VG Arora,16,6,8,16,2,50,4,0,0,0,0,10,9,217,314,8.68,34.89,24.11
AG Murtaza,15,3,10,14,1,71.43,10,0,0,1,0,12,12,269,322,7.18,26.83,22.42
CA Ingram,15,15,205,183,12,112.02,17.08,0,0,22,5,0,0,0,0,0,0,0
Mukesh Choudhary,15,2,6,6,0,100,0,0,0,1,0,13,16,291,425,8.76,26.56,18.19
Parvez Rasool,15,4,17,20,2,85,8.5,0,0,1,0,11,4,200,273,8.19,68.25,50
RR Raje,15,5,20,18,1,111.11,20,0,0,1,1,10,7,144,214,8.92,30.57,20.57
S Tyagi,15,1,3,4,0,75,0,0,0,0,0,14,6,220,304,8.29,50.67,36.67
SE Rutherford,15,9,106,107,7,99.07,15.14,0,0,3,8,6,1,46,60,7.83,60,46
TM Head,15,10,205,151,6,135.76,34.17,0,1,12,8,5,3,48,81,10.12,27,16
TS Mills,15,5,8,14,4,57.14,2,0,0,0,1,10,11,218,349,9.61,31.73,19.82
VS Malik,15,2,7,7,1,100,7,0,0,1,0,13,6,212,268,7.58,44.67,35.33
WA Mota,15,8,56,76,5,73.68,11.2,0,0,2,0,7,4,75,98,7.84,24.5,18.75
Yash Dayal,15,1,0,1,1,0,0,0,0,0,0,14,15,293,461,9.44,30.73,19.53
A Chandila,14,2,4,7,1,57.14,4,0,0,0,0,12,11,234,245,6.28,22.27,21.27
AC Voges,14,7,181,143,6,126.57,30.17,0,0,15,3,7,1,56,76,8.14,76,56
I Udana,14,4,15,11,3,136.36,5,0,0,1,1,10,8,182,286,9.43,35.75,22.75
J Theron,14,4,10,13,2,76.92,5,0,0,1,0,10,13,235,311,7.94,23.92,18.08
K Kartikeya,14,2,9,13,2,69.23,4.5,0,0,1,0,12,10,241,334,8.32,33.4,24.1
RR Rossouw,14,14,262,199,13,131.66,20.15,0,1,20,14,0,0,0,0,0,0,0
A Manohar,13,13,222,165,12,134.55,18.5,0,0,20,10,0,0,0,0,0,0,0
B Laughlin,13,4,5,13,2,38.46,2.5,0,0,0,0,9,10,179,284,9.52,28.4,17.9
B Sai Sudharsan,13,13,507,381,10,133.07,50.7,0,4,47,15,0,0,0,0,0,0,0
BAW Mendis,13,3,3,6,2,50,1.5,0,0,0,0,10,9,248,306,7.4,34,27.56
C Munro,13,11,177,144,9,122.92,19.67,0,0,19,8,2,0,12,15,7.5,0,0
CM Gautam,13,13,169,158,9,106.96,18.78,0,0,17,6,0,0,0,0,0,0,0
FY Fazal,13,11,183,179,9,102.23,20.33,0,0,22,1,2,1,12,20,10,20,12
KMA Paul,13,5,18,26,4,69.23,4.5,0,0,1,1,8,10,180,239,7.97,23.9,18
Karanveer Singh,13,4,12,17,1,70.59,12,0,0,1,0,9,14,213,323,9.1,23.07,15.21
MJ Guptill,13,13,271,197,12,137.56,22.58,0,1,24,15,0,0,0,0,0,0,0
MS Wade,13,13,179,178,12,100.56,14.92,0,0,23,2,0,0,0,0,0,0,0
Mukesh Kumar,13,3,7,10,0,70,0,0,0,0,0,10,9,197,328,9.99,36.44,21.89
PBB Rajapaksa,13,13,277,201,12,137.81,23.08,0,1,22,15,0,0,0,0,0,0,0
PD Collingwood,13,7,203,159,4,127.67,50.75,0,3,9,13,6,5,90,101,6.73,20.2,18
Sachin Baby,13,11,144,123,10,117.07,14.4,0,0,11,5,2,3,10,8,4.8,2.67,3.33
Sikandar Raza,13,7,139,104,5,133.65,27.8,0,1,10,6,6,3,76,124,9.79,41.33,25.33
CRD Fernando,12,2,4,3,1,133.33,4,0,0,0,0,10,19,249,306,7.37,16.11,13.11
D Pretorius,12,5,44,28,4,157.14,11,0,0,3,3,7,7,166,242,8.75,34.57,23.71
GD Phillips,12,8,65,55,7,118.18,9.29,0,0,3,6,4,2,31,40,7.74,20,15.5
JL Pattinson,12,2,15,13,1,115.38,15,0,0,2,0,10,11,222,321,8.68,29.18,20.18
MJ Lumb,12,12,278,198,10,140.4,27.8,0,1,45,6,0,0,0,0,0,0,0
Mohammad Hafeez,12,8,64,84,8,76.19,8,0,0,7,2,4,2,63,71,6.76,35.5,31.5
OF Smith,12,6,51,50,3,102,17,0,0,1,5,6,7,95,179,11.31,25.57,13.57
P Dogra,12,12,127,141,12,90.07,10.58,0,0,4,5,0,0,0,0,0,0,0
S Anirudha,12,12,136,121,8,112.4,17,0,1,9,7,0,0,0,0,0,0,0
SMSM Senanayake,12,4,10,17,1,58.82,10,0,0,0,0,8,9,195,211,6.49,23.44,21.67
YA Abdulla,12,1,0,1,0,0,0,0,0,0,0,11,15,222,311,8.41,20.73,14.8
AS Roy,11,5,23,21,3,109.52,7.67,0,0,3,0,6,5,108,131,7.28,26.2,21.6
Aman Hakim Khan,11,10,115,109,9,105.5,12.78,0,1,8,6,1,0,6,13,13,0,0
Dhruv Jurel,11,11,152,93,6,163.44,25.33,0,0,11,9,0,0,0,0,0,0,0
HC Brook,11,11,190,159,9,119.5,21.11,1,0,23,4,0,0,0,0,0,0,0
Harshit Rana,11,3,2,3,2,66.67,1,0,0,0,0,8,7,139,205,8.85,29.29,19.86
Jaskaran Singh,11,4,8,11,2,72.73,4,0,0,0,0,7,6,111,174,9.41,29,18.5
LJ Wright,11,5,106,63,4,168.25,26.5,0,0,16,3,6,2,75,125,10,62.5,37.5
M Ntini,11,2,11,19,1,57.89,11,0,0,2,0,9,8,213,257,7.24,32.12,26.62
M Rawat,11,11,55,70,5,78.57,11,0,0,4,1,0,0,0,0,0,0,0
MJ Clarke,11,6,98,96,6,102.08,16.33,0,0,12,0,5,3,66,72,6.55,24,22
R Shukla,11,4,19,23,2,82.61,9.5,0,0,2,0,7,7,130,217,10.02,31,18.57
RM Patidar,11,11,404,297,10,136.03,40.4,1,2,30,21,0,0,0,0,0,0,0
Rahmanullah Gurbaz,11,11,227,178,11,127.53,20.64,0,2,17,15,0,0,0,0,0,0,0
S Kaushik,11,1,0,1,1,0,0,0,0,0,0,10,6,210,304,8.69,50.67,35
S Ladda,11,2,0,10,2,0,0,0,0,0,0,9,5,141,225,9.57,45,28.2
S Rana,11,8,91,82,5,110.98,18.2,0,0,9,1,3,0,16,18,6.75,0,0
SM Katich,11,11,241,191,10,126.18,24.1,0,2,26,8,0,0,0,0,0,0,0
Swapnil Singh,11,4,14,24,3,58.33,4.67,0,0,0,0,7,1,73,108,8.88,108,73
AD Nath,10,10,90,99,10,90.91,9,0,0,7,2,0,0,0,0,0,0,0
AUK Pathan,10,7,39,26,5,150,7.8,0,0,5,2,3,0,41,63,9.22,0,0
DP Vijaykumar,10,1,1,1,0,100,0,0,0,0,0,9,4,159,205,7.74,51.25,39.75
IS Sodhi,10,2,7,18,2,38.89,3.5,0,0,0,0,8,9,182,204,6.73,22.67,20.22
KR Sen,10,1,0,3,0,0,0,0,0,0,0,9,8,176,269,9.17,33.62,22
Kamran Khan,10,1,3,5,1,60,3,0,0,0,0,9,14,177,248,8.41,17.71,12.64
Mohammad Asif,10,2,3,6,2,50,1.5,0,0,0,0,8,9,199,307,9.26,34.11,22.11
N Jagadeesan,10,10,162,155,9,104.52,18,0,0,21,2,0,0,0,0,0,0,0
N Saini,10,10,140,143,11,97.9,12.73,0,1,16,0,0,0,0,0,0,0,0
N Wadhera,10,10,241,171,9,140.94,26.78,0,2,23,12,0,0,0,0,0,0,0
Naveen-ul-Haq,10,3,16,22,2,72.73,8,0,0,2,0,7,11,175,227,7.78,20.64,15.91
P Parameswaran,10,2,1,3,0,33.33,0,0,0,0,0,8,9,159,226,8.53,25.11,17.67
PA Reddy,10,10,164,167,10,98.2,16.4,0,0,15,2,0,0,0,0,0,0,0
S Lamichhane,10,1,0,1,1,0,0,0,0,0,0,9,14,211,297,8.45,21.21,15.07
S Narwal,10,4,37,29,4,127.59,9.25,0,0,6,0,6,6,113,203,10.78,33.83,18.83
SB Wagh,10,2,2,3,2,66.67,1,0,0,0,0,8,5,108,147,8.17,29.4,21.6
SD Chitnis,10,8,99,92,7,107.61,14.14,0,0,10,2,2,2,38,62,9.79,31,19
SP Fleming,10,10,196,171,9,114.62,21.78,0,0,27,3,0,0,0,0,0,0,0
Shoaib Ahmed,10,3,1,6,2,16.67,0.5,0,0,0,0,7,5,103,154,8.97,30.8,20.6
Shoaib Malik,10,5,52,49,4,106.12,13,0,0,5,0,5,2,58,87,9,43.5,29
T Thushara,10,4,12,19,2,63.16,6,0,0,0,0,6,10,144,164,6.83,16.4,14.4
Umar Gul,10,4,39,19,3,205.26,13,0,0,1,5,6,14,153,198,7.76,14.14,10.93
V Pratap Singh,10,1,0,1,1,0,0,0,0,0,0,9,12,211,300,8.53,25,17.58
YV Takawale,10,10,192,183,8,104.92,24,0,0,26,3,0,0,0,0,0,0,0
Akash Deep,9,2,17,10,2,170,8.5,0,0,2,1,7,7,152,269,10.62,38.43,21.71
Ankit Soni,9,3,7,9,2,77.78,3.5,0,0,0,1,6,4,112,145,7.77,36.25,28
Arshad Khan (2),9,3,18,15,2,120,9,0,0,0,1,6,5,97,192,11.88,38.4,19.4
BE Hendricks,9,2,1,3,1,33.33,1,0,0,0,0,7,11,157,239,9.13,21.73,14.27
BJ Rohrer,9,8,193,146,7,132.19,27.57,0,1,21,5,1,0,7,12,10.29,0,0
CK Langeveldt,9,2,8,9,2,88.89,4,0,0,0,1,7,13,165,199,7.24,15.31,12.69
DJM Short,9,7,115,102,7,112.75,16.43,0,0,11,5,2,1,18,23,7.67,23,18
Fazalhaq Farooqi,9,2,3,13,0,23.08,0,0,0,0,0,7,6,162,229,8.48,38.17,27
GC Viljoen,9,3,3,7,2,42.86,1.5,0,0,0,0,6,8,146,229,9.41,28.62,18.25
HF Gurney,9,1,1,5,0,20,0,0,0,0,0,8,7,169,239,8.49,34.14,24.14
LE Plunkett,9,2,1,3,1,33.33,1,0,0,0,0,7,4,154,228,8.88,57,38.5
MG Bracewell,9,4,58,49,2,118.37,29,0,0,6,1,5,6,66,95,8.64,15.83,11
MW Short,9,6,117,99,6,118.18,19.5,0,0,15,4,3,0,25,25,6,0,0
OC McCoy,9,1,8,5,0,160,0,0,0,0,1,8,11,180,255,8.5,23.18,16.36
PD Salt,9,9,218,135,8,161.48,27.25,0,2,24,10,0,0,0,0,0,0,0
PR Shah,9,9,92,97,8,94.85,11.5,0,0,9,2,0,0,0,0,0,0,0
RJ Peterson,9,5,32,32,3,100,10.67,0,0,3,1,4,3,48,70,8.75,23.33,16
RT Ponting,9,9,91,129,8,70.54,11.38,0,0,5,2,0,0,0,0,0,0,0
S Randiv,9,1,2,4,1,50,2,0,0,0,0,8,8,180,223,7.43,27.88,22.5
S Vidyut,9,8,145,115,8,126.09,18.12,0,1,21,3,1,1,13,22,10.15,22,13
SE Bond,9,1,1,2,1,50,1,0,0,0,0,8,9,191,225,7.07,25,21.22
SS Prabhudessai,9,9,102,94,8,108.51,12.75,0,0,8,4,0,0,0,0,0,0,0
Simarjeet Singh,9,3,7,8,1,87.5,7,0,0,0,0,6,4,113,143,7.59,35.75,28.25
Vijaykumar Vyshak,9,2,13,10,1,130,13,0,0,0,1,7,11,153,253,9.92,23,13.91
A Choudhary,8,3,25,20,2,125,12.5,0,0,1,1,5,5,108,144,8,28.8,21.6
BB Samantray,8,8,125,116,5,107.76,25,0,1,13,2,0,0,0,0,0,0,0
CJ Ferguson,8,8,98,119,6,82.35,16.33,0,0,9,0,0,0,0,0,0,0,0
D Brevis,8,7,161,116,7,138.79,23,0,0,14,11,1,1,3,8,16,8,3
D Salunkhe,8,3,33,24,1,137.5,33,0,0,5,0,5,1,51,80,9.41,80,51
DJ Thornely,8,4,39,54,3,72.22,13,0,0,2,2,4,3,44,40,5.45,13.33,14.67
FH Edwards,8,2,4,5,1,80,4,0,0,0,0,6,6,150,160,6.4,26.67,25
KB Arun Karthik,8,8,51,53,5,96.23,10.2,0,0,4,1,0,0,0,0,0,0,0
KJ Abbott,8,3,13,8,1,162.5,13,0,0,0,1,5,2,102,182,10.71,91,51
KM Asif,8,1,0,2,1,0,0,0,0,0,0,7,7,143,232,9.73,33.14,20.43
KS Bharat,8,8,199,168,7,118.45,28.43,0,1,12,8,0,0,0,0,0,0,0
MA Wood,8,3,12,10,2,120,6,0,0,1,1,5,11,127,192,9.07,17.45,11.55
Misbah-ul-Haq,8,8,117,82,9,142.68,13,0,0,10,6,0,0,0,0,0,0,0
RV Patel,8,7,80,76,5,105.26,16,0,0,6,2,1,0,20,22,6.6,0,0
SP Jackson,8,8,61,57,6,107.02,10.17,0,0,5,1,0,0,0,0,0,0,0
W Jaffer,8,8,130,129,7,100.78,18.57,0,1,14,3,0,0,0,0,0,0,0
AA Bilakhia,7,7,69,88,5,78.41,13.8,0,0,5,0,0,0,0,0,0,0,0
AC Blizzard,7,7,120,91,7,131.87,17.14,0,1,21,2,0,0,0,0,0,0,0
Anmolpreet Singh,7,7,134,110,7,121.82,19.14,0,0,18,3,0,0,0,0,0,0,0
Atharva Taide,7,7,186,136,6,136.76,31,0,2,20,6,0,0,0,0,0,0,0
B Stanlake,7,1,5,2,0,250,0,0,0,1,0,6,7,150,200,8,28.57,21.43
DJ Jacobs,7,7,92,101,7,91.09,13.14,0,0,10,4,0,0,0,0,0,0,0
DJ Muthuswami,7,1,1,3,1,33.33,1,0,0,0,0,6,4,84,108,7.71,27,21
FA Allen,7,3,14,19,2,73.68,7,0,0,1,0,4,2,91,136,8.97,68,45.5
GHS Garton,7,2,2,4,1,50,2,0,0,0,0,5,3,97,136,8.41,45.33,32.33
IR Jaggi,7,7,76,100,5,76,15.2,0,0,6,0,0,0,0,0,0,0,0
JE Taylor,7,2,3,4,0,75,0,0,0,0,0,5,6,122,167,8.21,27.83,20.33
JM Kemp,7,2,26,25,2,104,13,0,0,1,1,5,3,47,58,7.4,19.33,15.67
MC Juneja,7,7,125,134,7,93.28,17.86,0,0,11,1,0,0,0,0,0,0,0
P Sahu,7,2,19,13,0,146.15,0,0,0,1,1,5,3,107,152,8.52,50.67,35.67
R Shepherd,7,4,58,44,4,131.82,14.5,0,0,2,5,3,4,57,98,10.32,24.5,14.25
RJ Quiney,7,7,103,105,7,98.1,14.71,0,1,12,3,0,0,0,0,0,0,0
Ramandeep Singh,7,4,45,42,2,107.14,22.5,0,0,3,1,3,6,41,55,8.05,9.17,6.83
SS Cottrell,7,1,0,2,1,0,0,0,0,0,0,6,6,131,177,8.11,29.5,21.83
Salman Butt,7,7,193,172,7,112.21,27.57,0,1,30,2,0,0,0,0,0,0,0
Shashank Singh,7,5,69,47,4,146.81,17.25,0,0,5,4,2,0,13,20,9.23,0,0
Shivam Sharma,7,2,5,3,1,166.67,5,0,0,1,0,5,4,114,165,8.68,41.25,28.5
A Chopra,6,6,53,75,5,70.67,10.6,0,0,7,0,0,0,0,0,0,0,0
A Flintoff,6,3,62,57,2,108.77,31,0,0,5,2,3,2,66,106,9.64,53,33
AD Hales,6,6,148,119,6,124.37,24.67,0,0,13,6,0,0,0,0,0,0,0
AS Yadav,6,6,49,40,7,122.5,7,0,0,5,2,0,0,0,0,0,0,0
CK Kapugedera,6,3,16,24,3,66.67,5.33,0,0,0,0,3,0,17,49,17.29,0,0
DJ Harris,6,4,111,103,3,107.77,37,0,0,11,5,2,0,18,26,8.67,0,0
Harpreet Singh,6,6,96,85,4,112.94,24,0,0,8,3,0,0,0,0,0,0,0
JJ van der Wath,6,3,18,17,2,105.88,9,0,0,1,1,3,3,76,134,10.58,44.67,25.33
KMDN Kulasekara,6,1,5,3,0,166.67,0,0,0,1,0,5,6,107,122,6.84,20.33,17.83
Kamran Akmal,6,6,128,78,4,164.1,32,0,1,13,8,0,0,0,0,0,0,0
LA Carseldine,6,5,81,71,3,114.08,27,0,0,11,0,1,1,7,6,5.14,6,7
M de Lange,6,1,1,2,1,50,1,0,0,0,0,5,6,116,171,8.84,28.5,19.33
Niraj Patel,6,6,121,124,5,97.58,24.2,0,1,14,1,0,0,0,0,0,0,0
P Dubey,6,2,23,33,1,69.7,23,0,0,2,0,4,1,67,91,8.15,91,67
RE Levi,6,6,83,74,6,112.16,13.83,0,1,10,4,0,0,0,0,0,0,0
SA Abbott,6,3,22,18,2,122.22,11,0,0,1,2,3,1,59,104,10.58,104,59
SB Joshi,6,2,6,16,2,37.5,3,0,0,0,0,4,1,55,82,8.95,82,55
T Shamsi,6,1,2,4,0,50,0,0,0,0,0,5,3,120,185,9.25,61.67,40
UT Khawaja,6,6,127,105,5,120.95,25.4,0,0,14,3,0,0,0,0,0,0,0
Vishnu Vinod,6,6,56,58,6,96.55,9.33,0,0,3,3,0,0,0,0,0,0,0
AG Paunikar,5,5,49,61,5,80.33,9.8,0,0,9,0,0,0,0,0,0,0,0
AP Dole,5,2,34,23,2,147.83,17,0,0,3,1,3,5,73,114,9.37,22.8,14.6
AU Rashid,5,2,22,17,2,129.41,11,0,0,2,1,3,2,60,91,9.1,45.5,30
Arjun Tendulkar,5,1,13,9,1,144.44,13,0,0,0,1,4,4,68,95,8.38,23.75,17
BMAJ Mendis,5,3,23,27,3,85.19,7.67,0,0,0,0,2,1,30,36,7.2,36,30
DNT Zoysa,5,2,11,9,1,122.22,11,0,0,1,0,3,2,69,100,8.7,50,34.5
JA Richardson,5,2,15,25,2,60,7.5,0,0,2,0,3,3,69,122,10.61,40.67,23
JPR Scantlebury-Searles,5,2,8,6,1,133.33,8,0,0,0,1,3,2,45,89,11.87,44.5,22.5
JR Philippe,5,5,78,80,4,97.5,19.5,0,0,9,1,0,0,0,0,0,0,0
K Upadhyay,5,2,12,9,0,133.33,0,0,0,0,1,3,0,56,81,8.68,0,0
L Ronchi,5,5,34,37,3,91.89,11.33,0,0,6,1,0,0,0,0,0,0,0
MA Khote,5,3,24,22,2,109.09,12,0,0,2,1,2,2,30,52,10.4,26,15
MN van Wyk,5,5,167,135,3,123.7,55.67,0,1,19,1,0,0,0,0,0,0,0
ND Doshi,5,1,0,13,1,0,0,0,0,0,0,4,2,57,79,8.32,39.5,28.5
PN Mankad,5,5,97,75,3,129.33,32.33,0,1,13,2,0,0,0,0,0,0,0
Rasikh Salam,5,2,12,10,1,120,12,0,0,1,0,3,0,51,70,8.24,0,0
SM Harwood,5,2,9,14,0,64.29,0,0,0,0,0,3,3,67,74,6.63,24.67,22.33
Sunny Singh,5,5,43,31,4,138.71,10.75,0,0,6,1,0,0,0,0,0,0,0
T Stubbs,5,4,27,35,3,77.14,9,0,0,2,0,1,1,12,14,7,14,12
TR Birt,5,5,75,59,5,127.12,15,0,0,9,2,0,0,0,0,0,0,0
Yudhvir Singh,5,2,1,2,2,50,0.5,0,0,0,0,3,3,50,73,8.76,24.33,16.67
A Uniyal,4,2,4,7,1,57.14,4,0,0,0,0,2,3,38,67,10.58,22.33,12.67
AJ Turner,4,4,3,11,3,27.27,1,0,0,0,0,0,0,0,0,0,0,0
AP Majumdar,4,4,87,77,4,112.99,21.75,0,0,7,2,0,0,0,0,0,0,0
Abishek Porel,4,4,33,31,4,106.45,8.25,0,0,1,2,0,0,0,0,0,0,0
Anirudh Singh,4,4,63,69,4,91.3,15.75,0,0,6,1,0,0,0,0,0,0,0
B Sumanth,4,4,35,38,1,92.11,35,0,0,3,0,0,0,0,0,0,0,0
C Nanda,4,1,0,1,1,0,0,0,0,0,0,3,2,50,58,6.96,29,25
D Kalyankrishna,4,1,3,8,1,37.5,3,0,0,0,0,3,2,50,88,10.56,44,25
DG Nalkande,4,1,0,1,1,0,0,0,0,0,0,3,3,58,104,10.76,34.67,19.33
DJ Mitchell,4,2,33,46,2,71.74,16.5,0,0,1,0,2,0,13,27,12.46,0,0
K Yadav,4,1,0,4,0,0,0,0,0,0,0,3,2,54,85,9.44,42.5,27
L Ablish,4,1,0,2,0,0,0,0,0,0,0,3,5,45,76,10.13,15.2,9
LPC Silva,4,3,40,27,2,148.15,20,0,0,5,1,1,0,6,21,21,0,0
M Klinger,4,4,73,78,4,93.59,18.25,0,0,9,0,0,0,0,0,0,0,0
NL McCullum,4,2,26,23,3,113.04,8.67,0,0,0,1,2,0,30,35,7,0,0
NS Naik,4,4,31,53,4,58.49,7.75,0,0,2,0,0,0,0,0,0,0,0
RR Sarwan,4,4,73,78,3,93.59,24.33,0,0,6,1,0,0,0,0,0,0,0
S Sriram,4,2,31,38,2,81.58,15.5,0,0,3,0,2,0,18,49,16.33,0,0
Shoaib Akhtar,4,1,2,8,1,25,2,0,0,0,0,3,5,46,54,7.04,10.8,9.2
T Henderson,4,2,11,16,1,68.75,11,0,0,0,1,2,1,36,41,6.83,41,36
Yashpal Singh,4,4,47,67,4,70.15,11.75,0,0,5,0,0,0,0,0,0,0,0
AB Barath,3,3,42,43,2,97.67,21,0,0,5,1,0,0,0,0,0,0,0
AT Carey,3,3,32,29,2,110.34,16,0,0,0,1,0,0,0,0,0,0,0
B Indrajith,3,3,21,31,3,67.74,7,0,0,2,0,0,0,0,0,0,0,0
BR Dunk,3,3,40,36,3,111.11,13.33,0,0,7,0,0,0,0,0,0,0,0
CJ McKay,3,1,8,15,1,53.33,8,0,0,0,0,2,1,42,60,8.57,60,42
D du Preez,3,1,10,13,1,76.92,10,0,0,0,0,2,4,43,56,7.81,14,10.75
F Behardien,3,3,14,13,2,107.69,7,0,0,2,0,0,0,0,0,0,0,0
HE van der Dussen,3,3,22,25,2,88,11,0,0,2,0,0,0,0,0,0,0,0
J Arunkumar,3,3,23,24,3,95.83,7.67,0,0,5,0,0,0,0,0,0,0,0
KAJ Roach,3,1,10,9,1,111.11,10,0,0,1,0,2,0,52,80,9.23,0,0
KS Sharma,3,3,16,25,3,64,5.33,0,0,1,0,0,0,0,0,0,0,0
MD Shanaka,3,3,26,26,2,100,13,0,0,2,1,0,0,0,0,0,0,0
NJ Maddinson,3,3,20,21,3,95.24,6.67,0,0,4,0,0,0,0,0,0,0,0
PM Sarvesh Kumar,3,1,1,2,0,50,0,0,0,0,0,2,1,31,42,8.13,42,31
R Bishnoi,3,3,19,17,3,111.76,6.33,0,0,1,2,0,0,0,0,0,0,0
R Ninan,3,1,3,6,1,50,3,0,0,0,0,2,3,36,65,10.83,21.67,12
RG More,3,1,2,2,0,100,0,0,0,0,0,2,1,37,63,10.22,63,37
S Chanderpaul,3,3,25,33,3,75.76,8.33,0,0,4,0,0,0,0,0,0,0,0
T Kohli,3,3,11,20,3,55,3.67,0,0,0,1,0,0,0,0,0,0,0
T Taibu,3,3,31,26,3,119.23,10.33,0,0,3,0,0,0,0,0,0,0,0
TL Seifert,3,3,26,26,3,100,8.67,0,0,4,0,0,0,0,0,0,0,0
TM Srivastava,3,3,8,11,1,72.73,8,0,0,0,0,0,0,0,0,0,0,0
VS Yeligati,3,1,2,2,1,100,2,0,0,0,0,2,0,32,61,11.44,0,0
Vivrant Sharma,3,1,69,49,1,140.82,69,0,1,9,2,2,0,21,37,10.57,0,0
Y Prithvi Raj,3,1,0,1,0,0,0,0,0,0,0,2,1,33,57,10.36,57,33
YV Dhull,3,3,16,23,3,69.57,5.33,0,0,1,0,0,0,0,0,0,0,0
A Dananjaya,2,1,4,5,0,80,0,0,0,0,0,1,0,25,47,11.28,0,0
A Mukund,2,2,19,23,2,82.61,9.5,0,0,1,0,0,0,0,0,0,0,0
AA Noffke,2,1,9,12,1,75,9,0,0,1,0,1,1,25,41,9.84,41,25
AJ Hosein,2,1,16,11,0,145.45,0,0,0,1,1,1,1,24,41,10.25,41,24
AN Ghosh,2,2,7,8,2,87.5,3.5,0,0,1,0,0,0,0,0,0,0,0
Abdur Razzak,2,1,0,2,0,0,0,0,0,0,0,1,0,14,29,12.43,0,0
DAJ Bracewell,2,1,12,9,0,133.33,0,0,0,1,0,1,3,25,32,7.68,10.67,8.33
DR Shorey,2,2,13,20,2,65,6.5,0,0,0,1,0,0,0,0,0,0,0
DS Lehmann,2,2,18,19,2,94.74,9,0,0,3,0,0,0,0,0,0,0,0
DT Patil,2,2,13,13,1,100,13,0,0,1,0,0,0,0,0,0,0,0
ER Dwivedi,2,2,24,15,2,160,12,0,0,2,2,0,0,0,0,0,0,0
GR Napier,2,1,15,16,1,93.75,15,0,0,1,0,1,1,24,28,7,28,24
I Malhotra,2,1,7,4,0,175,0,0,0,1,0,1,0,6,23,23,0,0
JE Root,2,1,10,15,1,66.67,10,0,0,1,0,1,0,12,15,7.5,0,0
MDKJ Perera,2,2,14,13,2,107.69,7,0,0,3,0,0,0,0,0,0,0,0
Mashrafe Mortaza,2,1,2,2,0,100,0,0,0,0,0,1,1,28,59,12.64,59,28
Mohit Rathee,2,1,1,2,0,50,0,0,0,0,0,1,0,12,29,14.5,0,0
NJ Rimmington,2,1,1,1,0,100,0,0,0,0,0,1,0,18,20,6.67,0,0
P Ray Barman,2,1,19,25,1,76,19,0,0,2,0,1,0,24,56,14,0,0
R Sanjay Yadav,2,1,0,2,1,0,0,0,0,0,0,1,0,14,23,9.86,0,0
RA Bawa,2,2,11,14,2,78.57,5.5,0,0,1,0,0,0,0,0,0,0,0
RK Bhui,2,2,7,18,2,38.89,3.5,0,0,0,0,0,0,0,0,0,0,0
RR Bhatkal,2,1,0,2,2,0,0,0,0,0,0,1,0,12,35,17.5,0,0
RS Gavaskar,2,1,2,8,1,25,2,0,0,0,0,1,0,6,8,8,0,0
Sanvir Singh,2,2,11,9,1,122.22,11,0,0,1,1,0,0,0,0,0,0,0
Sunny Gupta,2,1,0,1,1,0,0,0,0,0,0,1,0,19,47,14.84,0,0
T Banton,2,2,18,22,2,81.82,9,0,0,1,1,0,0,0,0,0,0,0
TD Paine,2,2,10,29,2,34.48,5,0,0,0,0,0,0,0,0,0,0,0
VH Zol,2,2,29,26,2,111.54,14.5,0,0,3,1,0,0,0,0,0,0,0
Virat Singh,2,2,15,26,3,57.69,5,0,0,1,0,0,0,0,0,0,0,0
Y Gnaneswara Rao,2,1,19,18,1,105.56,19,0,0,3,0,1,0,6,7,7,0,0
A Tomar,1,1,4,8,1,50,4,0,0,1,0,0,0,0,0,0,0,0
AR Bawne,1,1,12,12,0,100,0,0,0,1,0,0,0,0,0,0,0,0
Abdul Basith,1,1,1,1,0,100,0,0,0,0,0,0,0,0,0,0,0,0
BJ Haddin,1,1,18,11,1,163.64,18,0,0,2,1,0,0,0,0,0,0,0
C Madan,1,1,15,21,1,71.43,15,0,0,3,0,0,0,0,0,0,0,0
DJ Malan,1,1,26,26,1,100,26,0,0,1,1,0,0,0,0,0,0,0
DM Bravo,1,1,6,5,0,120,0,0,0,1,0,0,0,0,0,0,0,0
DR Martyn,1,1,19,26,2,73.08,9.5,0,0,1,0,0,0,0,0,0,0,0
H Das,1,1,2,5,1,40,2,0,0,0,0,0,0,0,0,0,0,0
JL Denly,1,1,0,1,1,0,0,0,0,0,0,0,0,0,0,0,0,0
Liton Das,1,1,4,4,1,100,4,0,0,1,0,0,0,0,0,0,0,0
Mohammad Ashraful,1,1,2,12,1,16.67,2,0,0,0,0,0,0,0,0,0,0,0
P Chopra,1,1,8,6,1,133.33,8,0,0,2,0,0,0,0,0,0,0,0
PSP Handscomb,1,1,6,12,1,50,6,0,0,0,0,0,0,0,0,0,0,0
RS Sodhi,1,1,4,2,0,200,0,0,0,1,0,0,0,0,0,0,0,0
SD Lad,1,1,15,13,1,115.38,15,0,0,1,1,0,0,0,0,0,0,0
SS Shaikh,1,1,6,7,0,85.71,0,0,0,1,0,0,0,0,0,0,0,0
U Kaul,1,1,0,1,0,0,0,0,0,0,0,0,0,0,0,0,0,0
UA Birla,1,1,7,15,1,46.67,7,0,0,1,0,0,0,0,0,0,0,0
X Thalaivan Sargunam,1,1,10,17,1,58.82,10,0,0,0,0,0,0,0,0,0,0,0
Younis Khan,1,1,3,7,1,42.86,3,0,0,0,0,0,0,0,0,0,0,0
